[{
  "7": {
    "4": 4.8
  },
  "155": 1,
  "161": 145,
  "1984": 1997,
  "_id": {
    "$oid": "6614a863c63d9e4dceca7ca9"
  },
  "Crossing Over": "Jolly Boys'' Last Stand, The",
  "Drama": "Comedy|Drama",
  "Lombard Franzman": "Roarke Eastope",
  "Felix Tommasetti": "Ali Danielczyk"
},
{
  "7": {
    "4": 7.1
  },
  "155": 2,
  "161": 136,
  "1984": 2003,
  "_id": {
    "$oid": "6614a863c63d9e4dceca7caa"
  },
  "Crossing Over": "Hell House",
  "Drama": "Documentary",
  "Lombard Franzman": "Annalise Gammons",
  "Felix Tommasetti": "Rodd Durdy"
},
{
  "7": {
    "4": 2.4
  },
  "155": 3,
  "161": 142,
  "1984": 2001,
  "_id": {
    "$oid": "6614a863c63d9e4dceca7cab"
  },
  "Crossing Over": "Double Or Nothing",
  "Drama": "(no genres listed)",
  "Lombard Franzman": "Margi Giovanni",
  "Felix Tommasetti": "Norry Jorez"
},
{
  "7": {
    "4": 9
  },
  "155": 4,
  "161": 169,
  "1984": 2011,
  "_id": {
    "$oid": "6614a863c63d9e4dceca7cac"
  },
  "Crossing Over": "Big Store, The",
  "Drama": "Comedy|Musical",
  "Lombard Franzman": "Missy Seedhouse",
  "Felix Tommasetti": "Edmund Veschambre"
},
{
  "7": {
    "4": 7.4
  },
  "155": 5,
  "161": 60,
  "1984": 2006,
  "_id": {
    "$oid": "6614a863c63d9e4dceca7cad"
  },
  "Crossing Over": "Frogs for Snakes",
  "Drama": "Comedy|Film-Noir|Thriller",
  "Lombard Franzman": "Ulrika Goulder",
  "Felix Tommasetti": "Darius Holtaway"
},
{
  "7": {
    "4": 1.9
  },
  "155": 6,
  "161": 106,
  "1984": 2005,
  "_id": {
    "$oid": "6614a863c63d9e4dceca7cae"
  },
  "Crossing Over": 9,
  "Drama": "Adventure|Animation|Sci-Fi",
  "Lombard Franzman": "Sal Janous",
  "Felix Tommasetti": "Lombard Eusden"
},
{
  "7": {
    "4": 8.5
  },
  "155": 7,
  "161": 92,
  "1984": 1988,
  "_id": {
    "$oid": "6614a863c63d9e4dceca7caf"
  },
  "Crossing Over": "The Auction",
  "Drama": "Drama",
  "Lombard Franzman": "Lettie Peach",
  "Felix Tommasetti": "Violante Poundsford"
},
{
  "7": {
    "4": 8.9
  },
  "155": 8,
  "161": 175,
  "1984": 1993,
  "_id": {
    "$oid": "6614a863c63d9e4dceca7cb0"
  },
  "Crossing Over": "Last Days",
  "Drama": "Drama",
  "Lombard Franzman": "Lennard Le Breton De La Vieuville",
  "Felix Tommasetti": "Huey Davidek"
},
{
  "7": {
    "4": 1.3
  },
  "155": 9,
  "161": 117,
  "1984": 2011,
  "_id": {
    "$oid": "6614a863c63d9e4dceca7cb1"
  },
  "Crossing Over": "Favor",
  "Drama": "Thriller",
  "Lombard Franzman": "Homere Binnie",
  "Felix Tommasetti": "Miller Paszak"
},
{
  "7": {
    "4": 3.7
  },
  "155": 10,
  "161": 106,
  "1984": 1997,
  "_id": {
    "$oid": "6614a863c63d9e4dceca7cb2"
  },
  "Crossing Over": "Marked Woman",
  "Drama": "Crime|Drama|Film-Noir",
  "Lombard Franzman": "Cheryl Bexley",
  "Felix Tommasetti": "Flem Squirrell"
},
{
  "7": {
    "4": 9.2
  },
  "155": 11,
  "161": 96,
  "1984": 2012,
  "_id": {
    "$oid": "6614a863c63d9e4dceca7cb3"
  },
  "Crossing Over": "Witch Way Love (Un amour de sorcière)",
  "Drama": "Comedy|Fantasy",
  "Lombard Franzman": "Larissa Kidby",
  "Felix Tommasetti": "Shela Penvarden"
},
{
  "7": {
    "4": 9
  },
  "155": 12,
  "161": 106,
  "1984": 1995,
  "_id": {
    "$oid": "6614a863c63d9e4dceca7cb4"
  },
  "Crossing Over": "Six in Paris (Paris vu par...)",
  "Drama": "Drama|Romance",
  "Lombard Franzman": "Helge Hoffmann",
  "Felix Tommasetti": "Torrin Douberday"
},
{
  "7": {
    "4": 1.8
  },
  "155": 13,
  "161": 150,
  "1984": 1997,
  "_id": {
    "$oid": "6614a863c63d9e4dceca7cb5"
  },
  "Crossing Over": "Ransom (a.k.a. The Terrorists)",
  "Drama": "Crime|Thriller",
  "Lombard Franzman": "Yehudit Still",
  "Felix Tommasetti": "Annamarie Eldridge"
},
{
  "7": {
    "4": 8.7
  },
  "155": 14,
  "161": 153,
  "1984": 1995,
  "_id": {
    "$oid": "6614a863c63d9e4dceca7cb6"
  },
  "Crossing Over": "Arrapaho",
  "Drama": "Comedy|Western",
  "Lombard Franzman": "Harley Prisk",
  "Felix Tommasetti": "Ber Biggin"
},
{
  "7": {
    "4": 2.7
  },
  "155": 15,
  "161": 152,
  "1984": 2008,
  "_id": {
    "$oid": "6614a863c63d9e4dceca7cb7"
  },
  "Crossing Over": "Battle of Russia, The (Why We Fight, 5)",
  "Drama": "Documentary|War",
  "Lombard Franzman": "Cale Busain",
  "Felix Tommasetti": "Brook Bertomier"
},
{
  "7": {
    "4": 5.3
  },
  "155": 16,
  "161": 69,
  "1984": 2007,
  "_id": {
    "$oid": "6614a863c63d9e4dceca7cb8"
  },
  "Crossing Over": "Lawless Range",
  "Drama": "Western",
  "Lombard Franzman": "Shaun Tabour",
  "Felix Tommasetti": "Twyla Elbourn"
},
{
  "7": {
    "4": 6.4
  },
  "155": 17,
  "161": 150,
  "1984": 2008,
  "_id": {
    "$oid": "6614a863c63d9e4dceca7cb9"
  },
  "Crossing Over": "Loners (Samotári)",
  "Drama": "Drama",
  "Lombard Franzman": "Win Pester",
  "Felix Tommasetti": "Beryl Tebald"
},
{
  "7": {
    "4": 9.6
  },
  "155": 18,
  "161": 119,
  "1984": 1996,
  "_id": {
    "$oid": "6614a863c63d9e4dceca7cba"
  },
  "Crossing Over": "47 Ronin, The (Genroku Chûshingura)",
  "Drama": "Drama",
  "Lombard Franzman": "Louella Paice",
  "Felix Tommasetti": "Paxton Fosdyke"
},
{
  "7": {
    "4": 1.2
  },
  "155": 19,
  "161": 151,
  "1984": 2010,
  "_id": {
    "$oid": "6614a863c63d9e4dceca7cbb"
  },
  "Crossing Over": "Elvis",
  "Drama": "Drama",
  "Lombard Franzman": "Anne-marie Boydell",
  "Felix Tommasetti": "Reeta Fransoni"
},
{
  "7": {
    "4": 5.7
  },
  "155": 20,
  "161": 79,
  "1984": 2010,
  "_id": {
    "$oid": "6614a863c63d9e4dceca7cbc"
  },
  "Crossing Over": "Love & Pop",
  "Drama": "Drama",
  "Lombard Franzman": "Hilario Spykings",
  "Felix Tommasetti": "Kirsten Pester"
},
{
  "7": {
    "4": 8.6
  },
  "155": 21,
  "161": 67,
  "1984": 2009,
  "_id": {
    "$oid": "6614a863c63d9e4dceca7cbd"
  },
  "Crossing Over": "Habit",
  "Drama": "Drama|Horror|Romance",
  "Lombard Franzman": "Isaiah Gilligan",
  "Felix Tommasetti": "Broddie Clapperton"
},
{
  "7": {
    "4": 6.5
  },
  "155": 22,
  "161": 71,
  "1984": 2010,
  "_id": {
    "$oid": "6614a863c63d9e4dceca7cbe"
  },
  "Crossing Over": "Midnight in Paris",
  "Drama": "Comedy|Fantasy|Romance",
  "Lombard Franzman": "Alano Sidey",
  "Felix Tommasetti": "Sheilakathryn Lettson"
},
{
  "7": {
    "4": 5.9
  },
  "155": 23,
  "161": 96,
  "1984": 2009,
  "_id": {
    "$oid": "6614a863c63d9e4dceca7cbf"
  },
  "Crossing Over": "Planet of the Apes",
  "Drama": "Action|Adventure|Drama|Sci-Fi",
  "Lombard Franzman": "Annice Bisiker",
  "Felix Tommasetti": "Salim Vischi"
},
{
  "7": {
    "4": 8.8
  },
  "155": 24,
  "161": 88,
  "1984": 2009,
  "_id": {
    "$oid": "6614a863c63d9e4dceca7cc0"
  },
  "Crossing Over": "I Always Wanted to Be a Gangster (J'ai toujours rêvé d'être un gangster)",
  "Drama": "Comedy|Crime|Drama",
  "Lombard Franzman": "Belia Grunson",
  "Felix Tommasetti": "Jessy Scholte"
},
{
  "7": {
    "4": 4.6
  },
  "155": 25,
  "161": 68,
  "1984": 2010,
  "_id": {
    "$oid": "6614a863c63d9e4dceca7cc1"
  },
  "Crossing Over": "Northeast",
  "Drama": "Drama",
  "Lombard Franzman": "Ezmeralda Eccleshall",
  "Felix Tommasetti": "Gayla Megainey"
},
{
  "7": {
    "4": 5
  },
  "155": 26,
  "161": 138,
  "1984": 1987,
  "_id": {
    "$oid": "6614a863c63d9e4dceca7cc2"
  },
  "Crossing Over": "Funny People",
  "Drama": "Comedy|Drama",
  "Lombard Franzman": "Paxon Mifflin",
  "Felix Tommasetti": "Guntar Butteris"
},
{
  "7": {
    "4": 4.6
  },
  "155": 27,
  "161": 65,
  "1984": 2001,
  "_id": {
    "$oid": "6614a863c63d9e4dceca7cc3"
  },
  "Crossing Over": "Mimino",
  "Drama": "Comedy",
  "Lombard Franzman": "Romola Emmanueli",
  "Felix Tommasetti": "Odelia Jefferies"
},
{
  "7": {
    "4": 7.5
  },
  "155": 28,
  "161": 113,
  "1984": 1992,
  "_id": {
    "$oid": "6614a863c63d9e4dceca7cc4"
  },
  "Crossing Over": "Home Alone 3",
  "Drama": "Children|Comedy",
  "Lombard Franzman": "Babbie Dicky",
  "Felix Tommasetti": "Nevin Markwelley"
},
{
  "7": {
    "4": 7.7
  },
  "155": 29,
  "161": 70,
  "1984": 1998,
  "_id": {
    "$oid": "6614a863c63d9e4dceca7cc5"
  },
  "Crossing Over": "Pit, the Pendulum and Hope, The (Kyvadlo, jáma a nadeje)",
  "Drama": "Horror|Thriller",
  "Lombard Franzman": "Binky Swendell",
  "Felix Tommasetti": "Winnie Matkin"
},
{
  "7": {
    "4": 7.7
  },
  "155": 30,
  "161": 136,
  "1984": 1992,
  "_id": {
    "$oid": "6614a863c63d9e4dceca7cc6"
  },
  "Crossing Over": "Heaven's Gate",
  "Drama": "Western",
  "Lombard Franzman": "Osbourne Cornelleau",
  "Felix Tommasetti": "Barnaby Vaughan"
},
{
  "7": {
    "4": 9.4
  },
  "155": 31,
  "161": 86,
  "1984": 2003,
  "_id": {
    "$oid": "6614a863c63d9e4dceca7cc7"
  },
  "Crossing Over": "Aftermath",
  "Drama": "Horror",
  "Lombard Franzman": "Addia Cicerone",
  "Felix Tommasetti": "Shayna Baglan"
},
{
  "7": {
    "4": 6.9
  },
  "155": 32,
  "161": 145,
  "1984": 2006,
  "_id": {
    "$oid": "6614a863c63d9e4dceca7cc8"
  },
  "Crossing Over": "Tale of Zatoichi Continues, The (Zoku Zatôichi monogatari) (Zatôichi 2)",
  "Drama": "Action|Drama",
  "Lombard Franzman": "Jacob Gloves",
  "Felix Tommasetti": "Randy Nicholas"
},
{
  "7": {
    "4": 4.7
  },
  "155": 33,
  "161": 71,
  "1984": 2010,
  "_id": {
    "$oid": "6614a863c63d9e4dceca7cc9"
  },
  "Crossing Over": "Deadline",
  "Drama": "Drama|Horror|Thriller",
  "Lombard Franzman": "Laverna Freake",
  "Felix Tommasetti": "Merry Veque"
},
{
  "7": {
    "4": 1.5
  },
  "155": 34,
  "161": 116,
  "1984": 1999,
  "_id": {
    "$oid": "6614a863c63d9e4dceca7cca"
  },
  "Crossing Over": "Lucas",
  "Drama": "Drama|Romance",
  "Lombard Franzman": "Hastie Shalloo",
  "Felix Tommasetti": "Mathew Duding"
},
{
  "7": {
    "4": 2.6
  },
  "155": 35,
  "161": 177,
  "1984": 1995,
  "_id": {
    "$oid": "6614a863c63d9e4dceca7ccb"
  },
  "Crossing Over": "Chillerama",
  "Drama": "Comedy|Horror",
  "Lombard Franzman": "Holmes Robertis",
  "Felix Tommasetti": "Lamont Van de Vlies"
},
{
  "7": {
    "4": 2.7
  },
  "155": 36,
  "161": 63,
  "1984": 2005,
  "_id": {
    "$oid": "6614a863c63d9e4dceca7ccc"
  },
  "Crossing Over": "Dog of Flanders, A",
  "Drama": "Drama",
  "Lombard Franzman": "Monty Pretsell",
  "Felix Tommasetti": "Steffie Kither"
},
{
  "7": {
    "4": 8.9
  },
  "155": 37,
  "161": 102,
  "1984": 2001,
  "_id": {
    "$oid": "6614a863c63d9e4dceca7ccd"
  },
  "Crossing Over": "Sitcom",
  "Drama": "Comedy|Drama|Thriller",
  "Lombard Franzman": "Joyous Skains",
  "Felix Tommasetti": "Tildie Kippins"
},
{
  "7": {
    "4": 2.5
  },
  "155": 38,
  "161": 101,
  "1984": 2011,
  "_id": {
    "$oid": "6614a863c63d9e4dceca7cce"
  },
  "Crossing Over": "28 Days",
  "Drama": "Drama",
  "Lombard Franzman": "Polly Roath",
  "Felix Tommasetti": "Dolph Merricks"
},
{
  "7": {
    "4": 9.3
  },
  "155": 39,
  "161": 167,
  "1984": 2008,
  "_id": {
    "$oid": "6614a863c63d9e4dceca7ccf"
  },
  "Crossing Over": "Inside (À l'intérieur)",
  "Drama": "Horror|Thriller",
  "Lombard Franzman": "Wendel Kubyszek",
  "Felix Tommasetti": "Nathalia Waldock"
},
{
  "7": {
    "4": 5.1
  },
  "155": 40,
  "161": 143,
  "1984": 2010,
  "_id": {
    "$oid": "6614a863c63d9e4dceca7cd0"
  },
  "Crossing Over": "First Love, Last Rites",
  "Drama": "Drama|Romance",
  "Lombard Franzman": "Seamus Pantling",
  "Felix Tommasetti": "Broddie O'Connolly"
},
{
  "7": {
    "4": 1.9
  },
  "155": 41,
  "161": 101,
  "1984": 1996,
  "_id": {
    "$oid": "6614a863c63d9e4dceca7cd1"
  },
  "Crossing Over": "Our Lady of the Assassins (Virgen de los sicarios, La)",
  "Drama": "Crime|Drama|Romance",
  "Lombard Franzman": "Lothaire Odby",
  "Felix Tommasetti": "Andres McAlister"
},
{
  "7": {
    "4": 3.3
  },
  "155": 42,
  "161": 170,
  "1984": 2007,
  "_id": {
    "$oid": "6614a863c63d9e4dceca7cd2"
  },
  "Crossing Over": "Cheerleader Camp",
  "Drama": "Comedy|Horror|Mystery",
  "Lombard Franzman": "Gerrard Dimitriev",
  "Felix Tommasetti": "Chelsey Hannis"
},
{
  "7": {
    "4": 5.7
  },
  "155": 43,
  "161": 155,
  "1984": 1995,
  "_id": {
    "$oid": "6614a863c63d9e4dceca7cd3"
  },
  "Crossing Over": "Swamp Women",
  "Drama": "Adventure|Crime|Horror",
  "Lombard Franzman": "Lenka Placide",
  "Felix Tommasetti": "Trumaine Brookwood"
},
{
  "7": {
    "4": 9.9
  },
  "155": 44,
  "161": 68,
  "1984": 2003,
  "_id": {
    "$oid": "6614a863c63d9e4dceca7cd4"
  },
  "Crossing Over": "Fun with Dick and Jane",
  "Drama": "Comedy|Crime",
  "Lombard Franzman": "Pattie Ryder",
  "Felix Tommasetti": "Lurline Witcherley"
},
{
  "7": {
    "4": 1
  },
  "155": 45,
  "161": 77,
  "1984": 1997,
  "_id": {
    "$oid": "6614a863c63d9e4dceca7cd5"
  },
  "Crossing Over": "Bebe's Kids",
  "Drama": "Animation|Children|Comedy",
  "Lombard Franzman": "Cecily Paff",
  "Felix Tommasetti": "Raoul Darbishire"
},
{
  "7": {
    "4": 6.4
  },
  "155": 46,
  "161": 143,
  "1984": 1997,
  "_id": {
    "$oid": "6614a863c63d9e4dceca7cd6"
  },
  "Crossing Over": "Ides of March, The",
  "Drama": "Drama",
  "Lombard Franzman": "Kristos Jent",
  "Felix Tommasetti": "Rochette Thumann"
},
{
  "7": {
    "4": 2.3
  },
  "155": 47,
  "161": 136,
  "1984": 2001,
  "_id": {
    "$oid": "6614a863c63d9e4dceca7cd7"
  },
  "Crossing Over": "Fall of the Republic: The Presidency of Barack H. Obama",
  "Drama": "Documentary",
  "Lombard Franzman": "Susana Aiken",
  "Felix Tommasetti": "Bette-ann Marie"
},
{
  "7": {
    "4": 2.3
  },
  "155": 48,
  "161": 115,
  "1984": 1990,
  "_id": {
    "$oid": "6614a863c63d9e4dceca7cd8"
  },
  "Crossing Over": "My One and Only",
  "Drama": "Comedy|Drama",
  "Lombard Franzman": "Linda Eadon",
  "Felix Tommasetti": "Noe Treasure"
},
{
  "7": {
    "4": 4.7
  },
  "155": 49,
  "161": 175,
  "1984": 2008,
  "_id": {
    "$oid": "6614a863c63d9e4dceca7cd9"
  },
  "Crossing Over": "Little Vampire, The",
  "Drama": "Adventure|Children",
  "Lombard Franzman": "Kerianne Aspital",
  "Felix Tommasetti": "William Broadley"
},
{
  "7": {
    "4": 9.8
  },
  "155": 50,
  "161": 108,
  "1984": 2010,
  "_id": {
    "$oid": "6614a863c63d9e4dceca7cda"
  },
  "Crossing Over": "Hipsters (Stilyagi)",
  "Drama": "Drama|Musical|Romance",
  "Lombard Franzman": "Shellie Moxson",
  "Felix Tommasetti": "Bentley Depka"
},
{
  "7": {
    "4": 2.9
  },
  "155": 51,
  "161": 86,
  "1984": 2008,
  "_id": {
    "$oid": "6614a863c63d9e4dceca7cdb"
  },
  "Crossing Over": "Riviera",
  "Drama": "Comedy|Drama",
  "Lombard Franzman": "Helsa Drakes",
  "Felix Tommasetti": "Isis Widdicombe"
},
{
  "7": {
    "4": 7.6
  },
  "155": 52,
  "161": 167,
  "1984": 2005,
  "_id": {
    "$oid": "6614a863c63d9e4dceca7cdc"
  },
  "Crossing Over": "Vinyan",
  "Drama": "Drama|Horror|Thriller",
  "Lombard Franzman": "Wakefield Aizik",
  "Felix Tommasetti": "Papagena Lanigan"
},
{
  "7": {
    "4": 9.5
  },
  "155": 232,
  "161": 159,
  "1984": 1991,
  "_id": {
    "$oid": "6614a863c63d9e4dceca7cdd"
  },
  "Crossing Over": "American Reunion (American Pie 4)",
  "Drama": "Comedy",
  "Lombard Franzman": "Liuka Knowlman",
  "Felix Tommasetti": "Cherin Alpine"
},
{
  "7": {
    "4": 1.6
  },
  "155": 53,
  "161": 118,
  "1984": 1998,
  "_id": {
    "$oid": "6614a863c63d9e4dceca7cde"
  },
  "Crossing Over": "Farewell My Concubine (Ba wang bie ji)",
  "Drama": "Drama|Romance",
  "Lombard Franzman": "Blythe Ramey",
  "Felix Tommasetti": "Virginia Lauchlan"
},
{
  "7": {
    "4": 1.4
  },
  "155": 54,
  "161": 74,
  "1984": 2005,
  "_id": {
    "$oid": "6614a863c63d9e4dceca7cdf"
  },
  "Crossing Over": "Shanghai Noon",
  "Drama": "Action|Adventure|Comedy|Western",
  "Lombard Franzman": "Amalea Djordjevic",
  "Felix Tommasetti": "Frederique Nester"
},
{
  "7": {
    "4": 5.1
  },
  "155": 55,
  "161": 179,
  "1984": 2007,
  "_id": {
    "$oid": "6614a863c63d9e4dceca7ce0"
  },
  "Crossing Over": "Once Upon a Time in China III (Wong Fei-hung tsi sam: Siwong tsangba)",
  "Drama": "Action",
  "Lombard Franzman": "Babara Ledrun",
  "Felix Tommasetti": "Neala Huggan"
},
{
  "7": {
    "4": 1
  },
  "155": 56,
  "161": 83,
  "1984": 2003,
  "_id": {
    "$oid": "6614a863c63d9e4dceca7ce1"
  },
  "Crossing Over": "Andy Hardy's Blonde Trouble",
  "Drama": "Comedy|Romance",
  "Lombard Franzman": "Benny Gorghetto",
  "Felix Tommasetti": "Sharl Friar"
},
{
  "7": {
    "4": 3.1
  },
  "155": 57,
  "161": 125,
  "1984": 2004,
  "_id": {
    "$oid": "6614a863c63d9e4dceca7ce2"
  },
  "Crossing Over": "Last Seduction, The",
  "Drama": "Crime|Drama|Thriller",
  "Lombard Franzman": "Caro Standbridge",
  "Felix Tommasetti": "Jere Normaville"
},
{
  "7": {
    "4": 8.2
  },
  "155": 58,
  "161": 95,
  "1984": 2007,
  "_id": {
    "$oid": "6614a863c63d9e4dceca7ce3"
  },
  "Crossing Over": "Boys Town",
  "Drama": "Drama",
  "Lombard Franzman": "Clyde Corss",
  "Felix Tommasetti": "Colby Mattschas"
},
{
  "7": {
    "4": 3.7
  },
  "155": 59,
  "161": 107,
  "1984": 1996,
  "_id": {
    "$oid": "6614a863c63d9e4dceca7ce4"
  },
  "Crossing Over": "Nasty Girl, The (schreckliche Mädchen, Das)",
  "Drama": "Comedy|Drama",
  "Lombard Franzman": "Hedy Rockall",
  "Felix Tommasetti": "Ernestus Hurley"
},
{
  "7": {
    "4": 8.3
  },
  "155": 60,
  "161": 130,
  "1984": 2009,
  "_id": {
    "$oid": "6614a863c63d9e4dceca7ce5"
  },
  "Crossing Over": "American President, The",
  "Drama": "Comedy|Drama|Romance",
  "Lombard Franzman": "Harp Steart",
  "Felix Tommasetti": "Evita Rispine"
},
{
  "7": {
    "4": 1.7
  },
  "155": 61,
  "161": 96,
  "1984": 2000,
  "_id": {
    "$oid": "6614a863c63d9e4dceca7ce6"
  },
  "Crossing Over": "Keeping Mum",
  "Drama": "Comedy|Crime",
  "Lombard Franzman": "Vale Braferton",
  "Felix Tommasetti": "Karena Surphliss"
},
{
  "7": {
    "4": 8.9
  },
  "155": 62,
  "161": 119,
  "1984": 2009,
  "_id": {
    "$oid": "6614a863c63d9e4dceca7ce7"
  },
  "Crossing Over": "The Death and Life of Bobby Z",
  "Drama": "Action|Crime|Drama|Thriller",
  "Lombard Franzman": "Wilmette Vasser",
  "Felix Tommasetti": "Cass Giron"
},
{
  "7": {
    "4": 3.9
  },
  "155": 63,
  "161": 142,
  "1984": 2009,
  "_id": {
    "$oid": "6614a863c63d9e4dceca7ce8"
  },
  "Crossing Over": "Substitute, The (Vikaren)",
  "Drama": "Comedy|Sci-Fi|Thriller",
  "Lombard Franzman": "Sonja Steptow",
  "Felix Tommasetti": "Orelia Worsham"
},
{
  "7": {
    "4": 1.4
  },
  "155": 64,
  "161": 65,
  "1984": 2005,
  "_id": {
    "$oid": "6614a863c63d9e4dceca7ce9"
  },
  "Crossing Over": "Runaway Train",
  "Drama": "Action|Adventure|Drama|Thriller",
  "Lombard Franzman": "Candie Gottelier",
  "Felix Tommasetti": "Zedekiah Guilayn"
},
{
  "7": {
    "4": 7.6
  },
  "155": 65,
  "161": 111,
  "1984": 1998,
  "_id": {
    "$oid": "6614a863c63d9e4dceca7cea"
  },
  "Crossing Over": "Pilgrimage",
  "Drama": "Drama",
  "Lombard Franzman": "Roddie Glaze",
  "Felix Tommasetti": "Rene Weakley"
},
{
  "7": {
    "4": 8.1
  },
  "155": 66,
  "161": 112,
  "1984": 2004,
  "_id": {
    "$oid": "6614a863c63d9e4dceca7ceb"
  },
  "Crossing Over": "To the Sea (Alamar)",
  "Drama": "Drama",
  "Lombard Franzman": "Wally Lorraine",
  "Felix Tommasetti": "Helaina Coppens"
},
{
  "7": {
    "4": 7.9
  },
  "155": 67,
  "161": 101,
  "1984": 2002,
  "_id": {
    "$oid": "6614a863c63d9e4dceca7cec"
  },
  "Crossing Over": "Butterflies Have No Memories",
  "Drama": "(no genres listed)",
  "Lombard Franzman": "Drusy Anthonies",
  "Felix Tommasetti": "Brande Bann"
},
{
  "7": {
    "4": 4
  },
  "155": 68,
  "161": 96,
  "1984": 2007,
  "_id": {
    "$oid": "6614a863c63d9e4dceca7ced"
  },
  "Crossing Over": "Lost World, The",
  "Drama": "Adventure",
  "Lombard Franzman": "Chanda Jepps",
  "Felix Tommasetti": "Luisa Dovidaitis"
},
{
  "7": {
    "4": 9.8
  },
  "155": 69,
  "161": 145,
  "1984": 2007,
  "_id": {
    "$oid": "6614a863c63d9e4dceca7cee"
  },
  "Crossing Over": "Summer House",
  "Drama": "Drama",
  "Lombard Franzman": "Mendy Postans",
  "Felix Tommasetti": "Duke Sprason"
},
{
  "7": {
    "4": 1.3
  },
  "155": 70,
  "161": 142,
  "1984": 2012,
  "_id": {
    "$oid": "6614a863c63d9e4dceca7cef"
  },
  "Crossing Over": "10 Years",
  "Drama": "Comedy|Drama|Romance",
  "Lombard Franzman": "Sammy MacNeachtain",
  "Felix Tommasetti": "Michele Flanders"
},
{
  "7": {
    "4": 4.2
  },
  "155": 71,
  "161": 102,
  "1984": 1995,
  "_id": {
    "$oid": "6614a863c63d9e4dceca7cf0"
  },
  "Crossing Over": "Blood River",
  "Drama": "Horror|Thriller|Western",
  "Lombard Franzman": "Rayner Tettley",
  "Felix Tommasetti": "Carma Varley"
},
{
  "7": {
    "4": 2.4
  },
  "155": 72,
  "161": 104,
  "1984": 2004,
  "_id": {
    "$oid": "6614a863c63d9e4dceca7cf1"
  },
  "Crossing Over": "Sahara",
  "Drama": "Action|Adventure|Comedy",
  "Lombard Franzman": "Ogdon Wrates",
  "Felix Tommasetti": "Chase Folland"
},
{
  "7": {
    "4": 3.5
  },
  "155": 73,
  "161": 165,
  "1984": 2003,
  "_id": {
    "$oid": "6614a863c63d9e4dceca7cf2"
  },
  "Crossing Over": "Cry of the Banshee",
  "Drama": "Horror",
  "Lombard Franzman": "Rice Gauvin",
  "Felix Tommasetti": "Jaquith Favill"
},
{
  "7": {
    "4": 7.4
  },
  "155": 74,
  "161": 123,
  "1984": 2001,
  "_id": {
    "$oid": "6614a863c63d9e4dceca7cf3"
  },
  "Crossing Over": "Lookin' to Get Out",
  "Drama": "Comedy",
  "Lombard Franzman": "Gwyneth Hazley",
  "Felix Tommasetti": "Bendite Van Leijs"
},
{
  "7": {
    "4": 2.9
  },
  "155": 75,
  "161": 140,
  "1984": 1986,
  "_id": {
    "$oid": "6614a863c63d9e4dceca7cf4"
  },
  "Crossing Over": "WarGames: The Dead Code",
  "Drama": "Drama|Sci-Fi|Thriller",
  "Lombard Franzman": "Lucho Farrant",
  "Felix Tommasetti": "Juli Gehrtz"
},
{
  "7": {
    "4": 6.8
  },
  "155": 76,
  "161": 142,
  "1984": 2002,
  "_id": {
    "$oid": "6614a863c63d9e4dceca7cf5"
  },
  "Crossing Over": "Final Destination 5",
  "Drama": "Horror|Thriller|IMAX",
  "Lombard Franzman": "Lynna Suatt",
  "Felix Tommasetti": "Aime Passfield"
},
{
  "7": {
    "4": 6.1
  },
  "155": 77,
  "161": 115,
  "1984": 1997,
  "_id": {
    "$oid": "6614a863c63d9e4dceca7cf6"
  },
  "Crossing Over": "About Last Night...",
  "Drama": "Comedy|Drama|Romance",
  "Lombard Franzman": "Bathsheba Danks",
  "Felix Tommasetti": "Maxie Houndsom"
},
{
  "7": {
    "4": 4.3
  },
  "155": 78,
  "161": 147,
  "1984": 1997,
  "_id": {
    "$oid": "6614a863c63d9e4dceca7cf7"
  },
  "Crossing Over": "Bamba, La",
  "Drama": "Drama",
  "Lombard Franzman": "Bengt Airey",
  "Felix Tommasetti": "Etienne Dallander"
},
{
  "7": {
    "4": 4
  },
  "155": 79,
  "161": 80,
  "1984": 2005,
  "_id": {
    "$oid": "6614a863c63d9e4dceca7cf8"
  },
  "Crossing Over": "Mustasukkaisuus",
  "Drama": "Drama|Romance",
  "Lombard Franzman": "Tana Caslett",
  "Felix Tommasetti": "Carmine Cowley"
},
{
  "7": {
    "4": 4.8
  },
  "155": 80,
  "161": 88,
  "1984": 1997,
  "_id": {
    "$oid": "6614a863c63d9e4dceca7cf9"
  },
  "Crossing Over": "Let's Not Get Angry (Ne nous fâchons pas)",
  "Drama": "Comedy|Crime",
  "Lombard Franzman": "Kendra Marquis",
  "Felix Tommasetti": "Gabbie Camel"
},
{
  "7": {
    "4": 3.3
  },
  "155": 81,
  "161": 86,
  "1984": 1991,
  "_id": {
    "$oid": "6614a863c63d9e4dceca7cfa"
  },
  "Crossing Over": "MC5: Kick Out the Jams",
  "Drama": "Documentary",
  "Lombard Franzman": "Guntar Lindenberg",
  "Felix Tommasetti": "Teddie Landsberg"
},
{
  "7": {
    "4": 1
  },
  "155": 82,
  "161": 91,
  "1984": 1995,
  "_id": {
    "$oid": "6614a863c63d9e4dceca7cfb"
  },
  "Crossing Over": "Frankie and Alice",
  "Drama": "Drama",
  "Lombard Franzman": "Rosamond Leeburn",
  "Felix Tommasetti": "Jocko Gillani"
},
{
  "7": {
    "4": 2.4
  },
  "155": 83,
  "161": 168,
  "1984": 2008,
  "_id": {
    "$oid": "6614a863c63d9e4dceca7cfc"
  },
  "Crossing Over": "Killer Movie",
  "Drama": "Comedy|Horror|Mystery|Thriller",
  "Lombard Franzman": "Corri Gulleford",
  "Felix Tommasetti": "Karil Eatock"
},
{
  "7": {
    "4": 3.4
  },
  "155": 84,
  "161": 128,
  "1984": 2011,
  "_id": {
    "$oid": "6614a863c63d9e4dceca7cfd"
  },
  "Crossing Over": "Smiley Face",
  "Drama": "Comedy",
  "Lombard Franzman": "Doug Keaveny",
  "Felix Tommasetti": "Shaun Readitt"
},
{
  "7": {
    "4": 7.6
  },
  "155": 85,
  "161": 150,
  "1984": 2009,
  "_id": {
    "$oid": "6614a863c63d9e4dceca7cfe"
  },
  "Crossing Over": "Pilgrim, The",
  "Drama": "Comedy",
  "Lombard Franzman": "Neils Mulloch",
  "Felix Tommasetti": "Gav Durrant"
},
{
  "7": {
    "4": 5.2
  },
  "155": 86,
  "161": 165,
  "1984": 1987,
  "_id": {
    "$oid": "6614a863c63d9e4dceca7cff"
  },
  "Crossing Over": "Aprile",
  "Drama": "Comedy",
  "Lombard Franzman": "Francis Mallabar",
  "Felix Tommasetti": "Katine Ryder"
},
{
  "7": {
    "4": 6.1
  },
  "155": 87,
  "161": 92,
  "1984": 1997,
  "_id": {
    "$oid": "6614a863c63d9e4dceca7d00"
  },
  "Crossing Over": "Candles on Bay Street ",
  "Drama": "Drama",
  "Lombard Franzman": "Linoel Darlaston",
  "Felix Tommasetti": "Terza Tavinor"
},
{
  "7": {
    "4": 6.9
  },
  "155": 88,
  "161": 167,
  "1984": 1989,
  "_id": {
    "$oid": "6614a863c63d9e4dceca7d01"
  },
  "Crossing Over": "Yes, Madam (a.k.a. Police Assassins) (a.k.a. In the Line of Duty 2) (Huang gu shi jie)",
  "Drama": "Action",
  "Lombard Franzman": "Tedda Broxholme",
  "Felix Tommasetti": "Uriah Algie"
},
{
  "7": {
    "4": 9.4
  },
  "155": 89,
  "161": 96,
  "1984": 1988,
  "_id": {
    "$oid": "6614a863c63d9e4dceca7d02"
  },
  "Crossing Over": "Concursante",
  "Drama": "Comedy|Drama",
  "Lombard Franzman": "Vasily Krimmer",
  "Felix Tommasetti": "Mead Bly"
},
{
  "7": {
    "4": 4
  },
  "155": 90,
  "161": 65,
  "1984": 2002,
  "_id": {
    "$oid": "6614a863c63d9e4dceca7d03"
  },
  "Crossing Over": "Jerichow",
  "Drama": "Drama",
  "Lombard Franzman": "Kent Sowley",
  "Felix Tommasetti": "Windy Ech"
},
{
  "7": {
    "4": 8.8
  },
  "155": 91,
  "161": 68,
  "1984": 1997,
  "_id": {
    "$oid": "6614a863c63d9e4dceca7d04"
  },
  "Crossing Over": "Tales from the Darkside: The Movie",
  "Drama": "Fantasy|Horror|Thriller",
  "Lombard Franzman": "Kiel Le Guin",
  "Felix Tommasetti": "Meredith Moggan"
},
{
  "7": {
    "4": 8.3
  },
  "155": 92,
  "161": 170,
  "1984": 2004,
  "_id": {
    "$oid": "6614a863c63d9e4dceca7d05"
  },
  "Crossing Over": "New Leaf, A",
  "Drama": "Comedy|Romance",
  "Lombard Franzman": "Maxie Cubitt",
  "Felix Tommasetti": "Hilliary Polglase"
},
{
  "7": {
    "4": 9.1
  },
  "155": 93,
  "161": 90,
  "1984": 1994,
  "_id": {
    "$oid": "6614a863c63d9e4dceca7d06"
  },
  "Crossing Over": "Bouncing Babies",
  "Drama": "Comedy",
  "Lombard Franzman": "Emelina Larive",
  "Felix Tommasetti": "Kenneth Braikenridge"
},
{
  "7": {
    "4": 5.2
  },
  "155": 94,
  "161": 104,
  "1984": 1990,
  "_id": {
    "$oid": "6614a863c63d9e4dceca7d07"
  },
  "Crossing Over": "Soul Food",
  "Drama": "Drama",
  "Lombard Franzman": "Dolores Meiner",
  "Felix Tommasetti": "Richie Asif"
},
{
  "7": {
    "4": 3.5
  },
  "155": 95,
  "161": 166,
  "1984": 2001,
  "_id": {
    "$oid": "6614a863c63d9e4dceca7d08"
  },
  "Crossing Over": "Principal, The",
  "Drama": "Action|Crime|Drama",
  "Lombard Franzman": "Greggory Ockwell",
  "Felix Tommasetti": "Flora Pretti"
},
{
  "7": {
    "4": 9.4
  },
  "155": 96,
  "161": 151,
  "1984": 1985,
  "_id": {
    "$oid": "6614a863c63d9e4dceca7d09"
  },
  "Crossing Over": "Captains Courageous",
  "Drama": "Adventure|Drama",
  "Lombard Franzman": "Abbey Malatalant",
  "Felix Tommasetti": "Waldemar Moston"
},
{
  "7": {
    "4": 3.1
  },
  "155": 97,
  "161": 60,
  "1984": 2002,
  "_id": {
    "$oid": "6614a863c63d9e4dceca7d0a"
  },
  "Crossing Over": "Millions",
  "Drama": "Children|Comedy|Crime|Drama|Fantasy",
  "Lombard Franzman": "Danette Sansom",
  "Felix Tommasetti": "Gwen Huskisson"
},
{
  "7": {
    "4": 5
  },
  "155": 98,
  "161": 162,
  "1984": 2003,
  "_id": {
    "$oid": "6614a863c63d9e4dceca7d0b"
  },
  "Crossing Over": "Montana Sky",
  "Drama": "Drama|Romance|Thriller",
  "Lombard Franzman": "Barbie Lumsdaine",
  "Felix Tommasetti": "Rikki Crosetto"
},
{
  "7": {
    "4": 9.6
  },
  "155": 99,
  "161": 77,
  "1984": 1997,
  "_id": {
    "$oid": "6614a863c63d9e4dceca7d0c"
  },
  "Crossing Over": "Tangled",
  "Drama": "Animation|Children|Comedy|Fantasy|Musical|Romance|IMAX",
  "Lombard Franzman": "Douglas Arnald",
  "Felix Tommasetti": "Louise Robbe"
},
{
  "7": {
    "4": 5.3
  },
  "155": 100,
  "161": 91,
  "1984": 2007,
  "_id": {
    "$oid": "6614a863c63d9e4dceca7d0d"
  },
  "Crossing Over": "American Swing",
  "Drama": "Documentary",
  "Lombard Franzman": "Sanson Redford",
  "Felix Tommasetti": "Frederigo Bonsul"
},
{
  "7": {
    "4": 8.1
  },
  "155": 101,
  "161": 138,
  "1984": 2001,
  "_id": {
    "$oid": "6614a863c63d9e4dceca7d0e"
  },
  "Crossing Over": "Return to Me",
  "Drama": "Drama|Romance",
  "Lombard Franzman": "Putnam Fenkel",
  "Felix Tommasetti": "Devland Anster"
},
{
  "7": {
    "4": 1.1
  },
  "155": 102,
  "161": 88,
  "1984": 2000,
  "_id": {
    "$oid": "6614a863c63d9e4dceca7d0f"
  },
  "Crossing Over": "Millennium",
  "Drama": "Drama|Sci-Fi|Thriller",
  "Lombard Franzman": "Anna-diana Hughland",
  "Felix Tommasetti": "Mollee Leader"
},
{
  "7": {
    "4": 4.2
  },
  "155": 103,
  "161": 151,
  "1984": 2010,
  "_id": {
    "$oid": "6614a863c63d9e4dceca7d10"
  },
  "Crossing Over": "Days of Heaven",
  "Drama": "Drama",
  "Lombard Franzman": "Patsy Duddy",
  "Felix Tommasetti": "Ban Giacubbo"
},
{
  "7": {
    "4": 5
  },
  "155": 104,
  "161": 96,
  "1984": 2010,
  "_id": {
    "$oid": "6614a863c63d9e4dceca7d11"
  },
  "Crossing Over": "Cooking with Stella",
  "Drama": "Drama",
  "Lombard Franzman": "Lavina Folbigg",
  "Felix Tommasetti": "Georgine Pym"
},
{
  "7": {
    "4": 7.2
  },
  "155": 105,
  "161": 162,
  "1984": 2003,
  "_id": {
    "$oid": "6614a863c63d9e4dceca7d12"
  },
  "Crossing Over": "Columbus Circle",
  "Drama": "Crime|Mystery|Thriller",
  "Lombard Franzman": "Jacklyn Stephenson",
  "Felix Tommasetti": "Lenard Lunt"
},
{
  "7": {
    "4": 1.7
  },
  "155": 106,
  "161": 176,
  "1984": 1995,
  "_id": {
    "$oid": "6614a863c63d9e4dceca7d13"
  },
  "Crossing Over": "Night at the Roxbury, A",
  "Drama": "Comedy",
  "Lombard Franzman": "Briant Prater",
  "Felix Tommasetti": "Harriot Joselovitch"
},
{
  "7": {
    "4": 5.7
  },
  "155": 107,
  "161": 90,
  "1984": 2000,
  "_id": {
    "$oid": "6614a863c63d9e4dceca7d14"
  },
  "Crossing Over": "Certain Kind Of Death, A",
  "Drama": "Documentary",
  "Lombard Franzman": "Nonie Calloway",
  "Felix Tommasetti": "Annalise Keeble"
},
{
  "7": {
    "4": 5.5
  },
  "155": 108,
  "161": 165,
  "1984": 2001,
  "_id": {
    "$oid": "6614a863c63d9e4dceca7d15"
  },
  "Crossing Over": "Foolish",
  "Drama": "Comedy",
  "Lombard Franzman": "Lynne Towse",
  "Felix Tommasetti": "Phillipe Shama"
},
{
  "7": {
    "4": 9.7
  },
  "155": 109,
  "161": 131,
  "1984": 1992,
  "_id": {
    "$oid": "6614a863c63d9e4dceca7d16"
  },
  "Crossing Over": "Freedom Song",
  "Drama": "Drama",
  "Lombard Franzman": "Isadore Sent",
  "Felix Tommasetti": "Shelli Elcome"
},
{
  "7": {
    "4": 2.4
  },
  "155": 110,
  "161": 93,
  "1984": 1999,
  "_id": {
    "$oid": "6614a863c63d9e4dceca7d17"
  },
  "Crossing Over": "Captives",
  "Drama": "Crime|Drama|Romance|Thriller",
  "Lombard Franzman": "Elna Rawlcliffe",
  "Felix Tommasetti": "Noak Fruchon"
},
{
  "7": {
    "4": 4.8
  },
  "155": 111,
  "161": 178,
  "1984": 1989,
  "_id": {
    "$oid": "6614a863c63d9e4dceca7d18"
  },
  "Crossing Over": "Last of Mrs. Cheyney, The",
  "Drama": "Comedy|Drama",
  "Lombard Franzman": "Whitney Harriman",
  "Felix Tommasetti": "Henderson Carp"
},
{
  "7": {
    "4": 9.8
  },
  "155": 112,
  "161": 129,
  "1984": 2005,
  "_id": {
    "$oid": "6614a863c63d9e4dceca7d19"
  },
  "Crossing Over": "Topaze",
  "Drama": "Comedy|Drama",
  "Lombard Franzman": "Francesco Sandys",
  "Felix Tommasetti": "Coral O'Flannery"
},
{
  "7": {
    "4": 4.9
  },
  "155": 113,
  "161": 85,
  "1984": 2010,
  "_id": {
    "$oid": "6614a863c63d9e4dceca7d1a"
  },
  "Crossing Over": "Thy Womb (Sinapupunan)",
  "Drama": "Drama",
  "Lombard Franzman": "Doretta Dee",
  "Felix Tommasetti": "Brander Cremin"
},
{
  "7": {
    "4": 9.2
  },
  "155": 114,
  "161": 102,
  "1984": 2006,
  "_id": {
    "$oid": "6614a863c63d9e4dceca7d1b"
  },
  "Crossing Over": "If a Tree Falls: A Story of the Earth Liberation Front",
  "Drama": "Documentary",
  "Lombard Franzman": "Hube Warry",
  "Felix Tommasetti": "Mar Enevoldsen"
},
{
  "7": {
    "4": 8
  },
  "155": 115,
  "161": 112,
  "1984": 2001,
  "_id": {
    "$oid": "6614a863c63d9e4dceca7d1c"
  },
  "Crossing Over": "Cows (Vacas)",
  "Drama": "Drama",
  "Lombard Franzman": "Freddi Conen",
  "Felix Tommasetti": "Fionnula Slaten"
},
{
  "7": {
    "4": 7.3
  },
  "155": 116,
  "161": 83,
  "1984": 1989,
  "_id": {
    "$oid": "6614a863c63d9e4dceca7d1d"
  },
  "Crossing Over": "My First War",
  "Drama": "Documentary",
  "Lombard Franzman": "Micheal Plester",
  "Felix Tommasetti": "Sabrina Buckberry"
},
{
  "7": {
    "4": 9.2
  },
  "155": 117,
  "161": 147,
  "1984": 2007,
  "_id": {
    "$oid": "6614a863c63d9e4dceca7d1e"
  },
  "Crossing Over": "Critical Condition",
  "Drama": "Comedy",
  "Lombard Franzman": "Rodolphe Bows",
  "Felix Tommasetti": "Reece Dismore"
},
{
  "7": {
    "4": 4.1
  },
  "155": 118,
  "161": 101,
  "1984": 2011,
  "_id": {
    "$oid": "6614a863c63d9e4dceca7d1f"
  },
  "Crossing Over": "Lightning in a Bottle",
  "Drama": "Documentary",
  "Lombard Franzman": "Oswell Grinikhin",
  "Felix Tommasetti": "Jessamine Keave"
},
{
  "7": {
    "4": 2.7
  },
  "155": 119,
  "161": 142,
  "1984": 2009,
  "_id": {
    "$oid": "6614a863c63d9e4dceca7d20"
  },
  "Crossing Over": "Mob, The",
  "Drama": "Crime|Drama|Film-Noir",
  "Lombard Franzman": "Dillon Mulqueen",
  "Felix Tommasetti": "Ike Glanz"
},
{
  "7": {
    "4": 3.6
  },
  "155": 120,
  "161": 60,
  "1984": 2003,
  "_id": {
    "$oid": "6614a863c63d9e4dceca7d21"
  },
  "Crossing Over": "Beastly",
  "Drama": "Drama|Fantasy|Romance",
  "Lombard Franzman": "Bevon MacNeilly",
  "Felix Tommasetti": "Sergio Furmage"
},
{
  "7": {
    "4": 1.9
  },
  "155": 121,
  "161": 158,
  "1984": 1993,
  "_id": {
    "$oid": "6614a863c63d9e4dceca7d22"
  },
  "Crossing Over": "Family Tree",
  "Drama": "Drama",
  "Lombard Franzman": "Nada Danels",
  "Felix Tommasetti": "Charles Spinnace"
},
{
  "7": {
    "4": 8
  },
  "155": 122,
  "161": 134,
  "1984": 2006,
  "_id": {
    "$oid": "6614a863c63d9e4dceca7d23"
  },
  "Crossing Over": "Of Human Bondage",
  "Drama": "Drama",
  "Lombard Franzman": "Joline O'Lochan",
  "Felix Tommasetti": "Paddy Cappel"
},
{
  "7": {
    "4": 2.5
  },
  "155": 123,
  "161": 129,
  "1984": 1997,
  "_id": {
    "$oid": "6614a863c63d9e4dceca7d24"
  },
  "Crossing Over": "Madam Satan",
  "Drama": "Comedy|Musical|Romance",
  "Lombard Franzman": "Astrix Jeannot",
  "Felix Tommasetti": "Glen Domingues"
},
{
  "7": {
    "4": 7.4
  },
  "155": 124,
  "161": 173,
  "1984": 1989,
  "_id": {
    "$oid": "6614a863c63d9e4dceca7d25"
  },
  "Crossing Over": "Brute, The (Bruto, El)",
  "Drama": "Drama",
  "Lombard Franzman": "Cassondra Kelly",
  "Felix Tommasetti": "Sebastien Busek"
},
{
  "7": {
    "4": 4.6
  },
  "155": 125,
  "161": 177,
  "1984": 2010,
  "_id": {
    "$oid": "6614a863c63d9e4dceca7d26"
  },
  "Crossing Over": "Pig Hunt ",
  "Drama": "Action|Horror|Thriller",
  "Lombard Franzman": "Sergio Dockwra",
  "Felix Tommasetti": "Meryl Goodinson"
},
{
  "7": {
    "4": 8.9
  },
  "155": 126,
  "161": 165,
  "1984": 2009,
  "_id": {
    "$oid": "6614a863c63d9e4dceca7d27"
  },
  "Crossing Over": "Beyond the Black Rainbow",
  "Drama": "Mystery|Sci-Fi",
  "Lombard Franzman": "Muire Philippault",
  "Felix Tommasetti": "Traver Eschalette"
},
{
  "7": {
    "4": 1.5
  },
  "155": 127,
  "161": 143,
  "1984": 1991,
  "_id": {
    "$oid": "6614a863c63d9e4dceca7d28"
  },
  "Crossing Over": "Mr. Magorium's Wonder Emporium",
  "Drama": "Children|Comedy|Fantasy",
  "Lombard Franzman": "Pincas Moxsom",
  "Felix Tommasetti": "Pavlov Hunnawill"
},
{
  "7": {
    "4": 5.3
  },
  "155": 128,
  "161": 162,
  "1984": 1989,
  "_id": {
    "$oid": "6614a863c63d9e4dceca7d29"
  },
  "Crossing Over": "Sergeant, The",
  "Drama": "Drama",
  "Lombard Franzman": "Ahmed Drezzer",
  "Felix Tommasetti": "Hi Auchterlonie"
},
{
  "7": {
    "4": 6.9
  },
  "155": 129,
  "161": 64,
  "1984": 1992,
  "_id": {
    "$oid": "6614a863c63d9e4dceca7d2a"
  },
  "Crossing Over": "Day of the Falcon",
  "Drama": "Adventure|Drama",
  "Lombard Franzman": "Antonietta Beeson",
  "Felix Tommasetti": "Carlynne Raiker"
},
{
  "7": {
    "4": 9.4
  },
  "155": 130,
  "161": 127,
  "1984": 2006,
  "_id": {
    "$oid": "6614a863c63d9e4dceca7d2b"
  },
  "Crossing Over": "Jingle All the Way 2",
  "Drama": "Children|Comedy",
  "Lombard Franzman": "Kean MacDermot",
  "Felix Tommasetti": "Lawrence Laste"
},
{
  "7": {
    "4": 8.6
  },
  "155": 131,
  "161": 77,
  "1984": 1999,
  "_id": {
    "$oid": "6614a863c63d9e4dceca7d2c"
  },
  "Crossing Over": "Free Willy",
  "Drama": "Adventure|Children|Drama",
  "Lombard Franzman": "Andria de Merida",
  "Felix Tommasetti": "Blondell Tunaclift"
},
{
  "7": {
    "4": 4
  },
  "155": 132,
  "161": 124,
  "1984": 1996,
  "_id": {
    "$oid": "6614a863c63d9e4dceca7d2d"
  },
  "Crossing Over": "Darling",
  "Drama": "Drama",
  "Lombard Franzman": "Natal Rove",
  "Felix Tommasetti": "Florry Higounet"
},
{
  "7": {
    "4": 6.6
  },
  "155": 133,
  "161": 61,
  "1984": 2005,
  "_id": {
    "$oid": "6614a863c63d9e4dceca7d2e"
  },
  "Crossing Over": "Tears of April (Käsky)",
  "Drama": "Drama|Romance|War",
  "Lombard Franzman": "Val Jursch",
  "Felix Tommasetti": "Sherwood Duberry"
},
{
  "7": {
    "4": 3.4
  },
  "155": 134,
  "161": 178,
  "1984": 1966,
  "_id": {
    "$oid": "6614a863c63d9e4dceca7d2f"
  },
  "Crossing Over": "Bonnie Scotland (Heroes of the Regiment)",
  "Drama": "Comedy",
  "Lombard Franzman": "Tatum Puckett",
  "Felix Tommasetti": "Ellwood Eskrick"
},
{
  "7": {
    "4": 9.7
  },
  "155": 135,
  "161": 119,
  "1984": 1997,
  "_id": {
    "$oid": "6614a863c63d9e4dceca7d30"
  },
  "Crossing Over": "Wetlands (Feuchtgebiete)",
  "Drama": "Comedy|Drama",
  "Lombard Franzman": "Wyn Waddell",
  "Felix Tommasetti": "Carlin Kearle"
},
{
  "7": {
    "4": 4.9
  },
  "155": 136,
  "161": 136,
  "1984": 2009,
  "_id": {
    "$oid": "6614a863c63d9e4dceca7d31"
  },
  "Crossing Over": "Light Years Away",
  "Drama": "Drama",
  "Lombard Franzman": "Stafani Fassbender",
  "Felix Tommasetti": "Ronny Plowes"
},
{
  "7": {
    "4": 7.6
  },
  "155": 137,
  "161": 120,
  "1984": 1991,
  "_id": {
    "$oid": "6614a863c63d9e4dceca7d32"
  },
  "Crossing Over": "Enemy",
  "Drama": "Mystery|Thriller",
  "Lombard Franzman": "Jeana Grugerr",
  "Felix Tommasetti": "Juan Daice"
},
{
  "7": {
    "4": 3.5
  },
  "155": 138,
  "161": 87,
  "1984": 2001,
  "_id": {
    "$oid": "6614a863c63d9e4dceca7d33"
  },
  "Crossing Over": "Year Zero: The Silent Death of Cambodia",
  "Drama": "Documentary",
  "Lombard Franzman": "Jermain Alberts",
  "Felix Tommasetti": "Alice Danelut"
},
{
  "7": {
    "4": 9.2
  },
  "155": 139,
  "161": 68,
  "1984": 1994,
  "_id": {
    "$oid": "6614a863c63d9e4dceca7d34"
  },
  "Crossing Over": "Dandelion",
  "Drama": "Drama",
  "Lombard Franzman": "Ettore Whitney",
  "Felix Tommasetti": "Aliza Ather"
},
{
  "7": {
    "4": 3.2
  },
  "155": 140,
  "161": 122,
  "1984": 2002,
  "_id": {
    "$oid": "6614a863c63d9e4dceca7d35"
  },
  "Crossing Over": "Bank Dick, The",
  "Drama": "Comedy",
  "Lombard Franzman": "Rubin Grishechkin",
  "Felix Tommasetti": "Eliza Sighart"
},
{
  "7": {
    "4": 3.1
  },
  "155": 141,
  "161": 75,
  "1984": 2012,
  "_id": {
    "$oid": "6614a863c63d9e4dceca7d36"
  },
  "Crossing Over": "Captive Heart: The James Mink Story",
  "Drama": "Drama",
  "Lombard Franzman": "Hewett Lorie",
  "Felix Tommasetti": "Tarra Nardoni"
},
{
  "7": {
    "4": 8.3
  },
  "155": 142,
  "161": 161,
  "1984": 2006,
  "_id": {
    "$oid": "6614a863c63d9e4dceca7d37"
  },
  "Crossing Over": "Hori Smoku Sailor Jerry: The Life of Norman K. Collins ",
  "Drama": "Documentary",
  "Lombard Franzman": "Lorilyn Peller",
  "Felix Tommasetti": "Kassia Baynes"
},
{
  "7": {
    "4": 7.2
  },
  "155": 143,
  "161": 80,
  "1984": 2009,
  "_id": {
    "$oid": "6614a863c63d9e4dceca7d38"
  },
  "Crossing Over": "Tender Trap, The",
  "Drama": "Comedy|Musical",
  "Lombard Franzman": "Elbertina Rosthorn",
  "Felix Tommasetti": "Gage Rogerot"
},
{
  "7": {
    "4": 6.6
  },
  "155": 144,
  "161": 71,
  "1984": 2008,
  "_id": {
    "$oid": "6614a863c63d9e4dceca7d39"
  },
  "Crossing Over": "Day of the Falcon",
  "Drama": "Adventure|Drama",
  "Lombard Franzman": "Adria Featenby",
  "Felix Tommasetti": "Ford Cabrales"
},
{
  "7": {
    "4": 7
  },
  "155": 145,
  "161": 156,
  "1984": 1993,
  "_id": {
    "$oid": "6614a863c63d9e4dceca7d3a"
  },
  "Crossing Over": "Sex Up Your Life!",
  "Drama": "Comedy",
  "Lombard Franzman": "Clarke Ogbourne",
  "Felix Tommasetti": "Rodolfo Gerckens"
},
{
  "7": {
    "4": 4.3
  },
  "155": 146,
  "161": 153,
  "1984": 1993,
  "_id": {
    "$oid": "6614a863c63d9e4dceca7d3b"
  },
  "Crossing Over": "Frankenstein 90",
  "Drama": "Comedy|Horror|Romance",
  "Lombard Franzman": "Jocelyn Powley",
  "Felix Tommasetti": "Ranee Dwane"
},
{
  "7": {
    "4": 2.1
  },
  "155": 147,
  "161": 158,
  "1984": 1991,
  "_id": {
    "$oid": "6614a863c63d9e4dceca7d3c"
  },
  "Crossing Over": "RFK Must Die: The Assassination of Bobby Kennedy",
  "Drama": "Documentary",
  "Lombard Franzman": "Ellis Lankham",
  "Felix Tommasetti": "Jeanelle Mattes"
},
{
  "7": {
    "4": 7
  },
  "155": 148,
  "161": 104,
  "1984": 2005,
  "_id": {
    "$oid": "6614a863c63d9e4dceca7d3d"
  },
  "Crossing Over": "Contract Killers",
  "Drama": "Action|Adventure|Thriller",
  "Lombard Franzman": "Colline Beadon",
  "Felix Tommasetti": "Hedwiga Jephcote"
},
{
  "7": {
    "4": 4.4
  },
  "155": 149,
  "161": 86,
  "1984": 1998,
  "_id": {
    "$oid": "6614a863c63d9e4dceca7d3e"
  },
  "Crossing Over": "Taking Care of Business",
  "Drama": "Comedy",
  "Lombard Franzman": "Dido Rushby",
  "Felix Tommasetti": "Laney Godsmark"
},
{
  "7": {
    "4": 1.4
  },
  "155": 150,
  "161": 145,
  "1984": 1992,
  "_id": {
    "$oid": "6614a863c63d9e4dceca7d3f"
  },
  "Crossing Over": "Boy with Green Hair, The",
  "Drama": "Children|Drama",
  "Lombard Franzman": "Katharine Maskew",
  "Felix Tommasetti": "Colman Rainsden"
},
{
  "7": {
    "4": 9.6
  },
  "155": 151,
  "161": 123,
  "1984": 2002,
  "_id": {
    "$oid": "6614a863c63d9e4dceca7d40"
  },
  "Crossing Over": "Scream",
  "Drama": "Comedy|Horror|Mystery|Thriller",
  "Lombard Franzman": "Brose Klewer",
  "Felix Tommasetti": "Isis Assad"
},
{
  "7": {
    "4": 7.7
  },
  "155": 152,
  "161": 106,
  "1984": 1984,
  "_id": {
    "$oid": "6614a863c63d9e4dceca7d41"
  },
  "Crossing Over": "¡Qué hacer!",
  "Drama": "Drama",
  "Lombard Franzman": "Barbara Shoppee",
  "Felix Tommasetti": "Rachele Latan"
},
{
  "7": {
    "4": 1.9
  },
  "155": 153,
  "161": 71,
  "1984": 2011,
  "_id": {
    "$oid": "6614a863c63d9e4dceca7d42"
  },
  "Crossing Over": "Swing Shift",
  "Drama": "Drama",
  "Lombard Franzman": "Lusa Valde",
  "Felix Tommasetti": "Bee Reily"
},
{
  "7": {
    "4": 9.7
  },
  "155": 154,
  "161": 110,
  "1984": 2007,
  "_id": {
    "$oid": "6614a863c63d9e4dceca7d43"
  },
  "Crossing Over": "Around the Bend",
  "Drama": "Drama",
  "Lombard Franzman": "Britte Gerasch",
  "Felix Tommasetti": "Hedwig Cosgreave"
},
{
  "7": {
    "4": 8.7
  },
  "155": 156,
  "161": 85,
  "1984": 1997,
  "_id": {
    "$oid": "6614a863c63d9e4dceca7d44"
  },
  "Crossing Over": "Carne",
  "Drama": "Drama|Thriller",
  "Lombard Franzman": "Hendrick Loseke",
  "Felix Tommasetti": "Durant McKnish"
},
{
  "7": {
    "4": 4.1
  },
  "155": 157,
  "161": 65,
  "1984": 2010,
  "_id": {
    "$oid": "6614a863c63d9e4dceca7d45"
  },
  "Crossing Over": "School of Rock",
  "Drama": "Comedy|Musical",
  "Lombard Franzman": "Dalila Pressman",
  "Felix Tommasetti": "Flem Sholl"
},
{
  "7": {
    "4": 9.1
  },
  "155": 158,
  "161": 149,
  "1984": 2008,
  "_id": {
    "$oid": "6614a863c63d9e4dceca7d46"
  },
  "Crossing Over": "Shaft",
  "Drama": "Action|Crime|Drama|Thriller",
  "Lombard Franzman": "Arabella Rymill",
  "Felix Tommasetti": "Edwin Sewards"
},
{
  "7": {
    "4": 3.8
  },
  "155": 159,
  "161": 101,
  "1984": 2003,
  "_id": {
    "$oid": "6614a863c63d9e4dceca7d47"
  },
  "Crossing Over": "Jonestown: The Life and Death of Peoples Temple",
  "Drama": "Documentary",
  "Lombard Franzman": "Yorke MacSweeney",
  "Felix Tommasetti": "Christina Borghese"
},
{
  "7": {
    "4": 4.1
  },
  "155": 160,
  "161": 105,
  "1984": 1999,
  "_id": {
    "$oid": "6614a863c63d9e4dceca7d48"
  },
  "Crossing Over": "Alexander's Ragtime Band",
  "Drama": "Drama|Musical",
  "Lombard Franzman": "Cari Leavold",
  "Felix Tommasetti": "Alysa Tuxell"
},
{
  "7": {
    "4": 1
  },
  "155": 161,
  "161": 177,
  "1984": 2008,
  "_id": {
    "$oid": "6614a863c63d9e4dceca7d49"
  },
  "Crossing Over": "Outskirts (Okraina)",
  "Drama": "Drama|War",
  "Lombard Franzman": "Georgianne Lewtey",
  "Felix Tommasetti": "Adoree Fearn"
},
{
  "7": {
    "4": 1.3
  },
  "155": 162,
  "161": 136,
  "1984": 2005,
  "_id": {
    "$oid": "6614a863c63d9e4dceca7d4a"
  },
  "Crossing Over": "All the Real Girls",
  "Drama": "Drama|Romance",
  "Lombard Franzman": "Orville Berens",
  "Felix Tommasetti": "Orren Davidof"
},
{
  "7": {
    "4": 5.6
  },
  "155": 163,
  "161": 130,
  "1984": 1997,
  "_id": {
    "$oid": "6614a863c63d9e4dceca7d4b"
  },
  "Crossing Over": "Ten Inch Hero",
  "Drama": "Comedy|Drama|Romance",
  "Lombard Franzman": "Katee Donaher",
  "Felix Tommasetti": "Adrianna Oneill"
},
{
  "7": {
    "4": 8.5
  },
  "155": 164,
  "161": 75,
  "1984": 2010,
  "_id": {
    "$oid": "6614a863c63d9e4dceca7d4c"
  },
  "Crossing Over": "Hawaiians, The",
  "Drama": "Drama",
  "Lombard Franzman": "Chris Belfit",
  "Felix Tommasetti": "Ruben Gatesman"
},
{
  "7": {
    "4": 9.6
  },
  "155": 165,
  "161": 129,
  "1984": 2009,
  "_id": {
    "$oid": "6614a863c63d9e4dceca7d4d"
  },
  "Crossing Over": "Point Break",
  "Drama": "Action|Crime|Thriller",
  "Lombard Franzman": "Rahal Kibbe",
  "Felix Tommasetti": "Lil Broxton"
},
{
  "7": {
    "4": 2.7
  },
  "155": 166,
  "161": 84,
  "1984": 2006,
  "_id": {
    "$oid": "6614a863c63d9e4dceca7d4e"
  },
  "Crossing Over": "Election (Hak se wui)",
  "Drama": "Crime|Drama|Thriller",
  "Lombard Franzman": "Guthrie Creany",
  "Felix Tommasetti": "Gustaf Cauderlie"
},
{
  "7": {
    "4": 8.5
  },
  "155": 167,
  "161": 147,
  "1984": 1999,
  "_id": {
    "$oid": "6614a863c63d9e4dceca7d4f"
  },
  "Crossing Over": "Born to Be Bad",
  "Drama": "Drama|Romance",
  "Lombard Franzman": "Clarabelle Ebertz",
  "Felix Tommasetti": "Drucie Salzberger"
},
{
  "7": {
    "4": 4.9
  },
  "155": 168,
  "161": 100,
  "1984": 1998,
  "_id": {
    "$oid": "6614a863c63d9e4dceca7d50"
  },
  "Crossing Over": "Bhaji on the Beach",
  "Drama": "Comedy|Drama",
  "Lombard Franzman": "Ursuline Uttley",
  "Felix Tommasetti": "Arlana Elington"
},
{
  "7": {
    "4": 8.3
  },
  "155": 169,
  "161": 63,
  "1984": 2005,
  "_id": {
    "$oid": "6614a863c63d9e4dceca7d51"
  },
  "Crossing Over": "Live Free or Die Hard",
  "Drama": "Action|Adventure|Crime|Thriller",
  "Lombard Franzman": "Oralie Ilchuk",
  "Felix Tommasetti": "Cchaddie Josum"
},
{
  "7": {
    "4": 1.2
  },
  "155": 170,
  "161": 123,
  "1984": 2011,
  "_id": {
    "$oid": "6614a863c63d9e4dceca7d52"
  },
  "Crossing Over": "Busses Roar (Buses Roar)",
  "Drama": "Drama|Romance|War",
  "Lombard Franzman": "Ame Schust",
  "Felix Tommasetti": "Woodrow Mazonowicz"
},
{
  "7": {
    "4": 9
  },
  "155": 171,
  "161": 123,
  "1984": 2000,
  "_id": {
    "$oid": "6614a863c63d9e4dceca7d53"
  },
  "Crossing Over": "Mighty Wind, A",
  "Drama": "Comedy|Musical",
  "Lombard Franzman": "Cornall Medway",
  "Felix Tommasetti": "Harwilll Adderson"
},
{
  "7": {
    "4": 9.3
  },
  "155": 172,
  "161": 68,
  "1984": 2005,
  "_id": {
    "$oid": "6614a863c63d9e4dceca7d54"
  },
  "Crossing Over": "Better Living",
  "Drama": "Comedy",
  "Lombard Franzman": "Egon Costelloe",
  "Felix Tommasetti": "Rhys Mc Caughen"
},
{
  "7": {
    "4": 7.6
  },
  "155": 173,
  "161": 61,
  "1984": 1989,
  "_id": {
    "$oid": "6614a863c63d9e4dceca7d55"
  },
  "Crossing Over": "Niagara, Niagara",
  "Drama": "Drama",
  "Lombard Franzman": "Jillayne Remer",
  "Felix Tommasetti": "Franchot de Lloyd"
},
{
  "7": {
    "4": 3
  },
  "155": 174,
  "161": 148,
  "1984": 1999,
  "_id": {
    "$oid": "6614a863c63d9e4dceca7d56"
  },
  "Crossing Over": "Species",
  "Drama": "Horror|Sci-Fi",
  "Lombard Franzman": "Archibold Bolter",
  "Felix Tommasetti": "Viviene Ivain"
},
{
  "7": {
    "4": 6.7
  },
  "155": 175,
  "161": 157,
  "1984": 1993,
  "_id": {
    "$oid": "6614a863c63d9e4dceca7d57"
  },
  "Crossing Over": "Blade on the Feather (Deep Cover)",
  "Drama": "Mystery",
  "Lombard Franzman": "Bobbette Bachura",
  "Felix Tommasetti": "Dacia Puddefoot"
},
{
  "7": {
    "4": 5.3
  },
  "155": 176,
  "161": 105,
  "1984": 2005,
  "_id": {
    "$oid": "6614a863c63d9e4dceca7d58"
  },
  "Crossing Over": "Boats",
  "Drama": "Comedy",
  "Lombard Franzman": "Adolf Revie",
  "Felix Tommasetti": "Franky Caughte"
},
{
  "7": {
    "4": 2
  },
  "155": 177,
  "161": 155,
  "1984": 1994,
  "_id": {
    "$oid": "6614a863c63d9e4dceca7d59"
  },
  "Crossing Over": "Household Saints",
  "Drama": "Drama",
  "Lombard Franzman": "Samson Bremmer",
  "Felix Tommasetti": "Vivianne Puddicombe"
},
{
  "7": {
    "4": 7.3
  },
  "155": 178,
  "161": 155,
  "1984": 2011,
  "_id": {
    "$oid": "6614a863c63d9e4dceca7d5a"
  },
  "Crossing Over": "Zombie Apocalypse",
  "Drama": "Action|Horror|Sci-Fi",
  "Lombard Franzman": "Adan Howlett",
  "Felix Tommasetti": "Tara Gofford"
},
{
  "7": {
    "4": 3.2
  },
  "155": 179,
  "161": 140,
  "1984": 1987,
  "_id": {
    "$oid": "6614a863c63d9e4dceca7d5b"
  },
  "Crossing Over": "Dead Zone, The",
  "Drama": "Thriller",
  "Lombard Franzman": "Lynnett Ritchman",
  "Felix Tommasetti": "Galvan Bruyntjes"
},
{
  "7": {
    "4": 8.8
  },
  "155": 180,
  "161": 71,
  "1984": 1995,
  "_id": {
    "$oid": "6614a863c63d9e4dceca7d5c"
  },
  "Crossing Over": "Sniper, The",
  "Drama": "Crime|Drama|Film-Noir|Thriller",
  "Lombard Franzman": "Kaycee Standidge",
  "Felix Tommasetti": "Audry Erwin"
},
{
  "7": {
    "4": 4.6
  },
  "155": 181,
  "161": 168,
  "1984": 1993,
  "_id": {
    "$oid": "6614a863c63d9e4dceca7d5d"
  },
  "Crossing Over": "Queen: Days of Our Lives",
  "Drama": "Documentary",
  "Lombard Franzman": "Mel Tibb",
  "Felix Tommasetti": "Reece Fragino"
},
{
  "7": {
    "4": 6.8
  },
  "155": 182,
  "161": 155,
  "1984": 1994,
  "_id": {
    "$oid": "6614a863c63d9e4dceca7d5e"
  },
  "Crossing Over": "Blank Generation, The",
  "Drama": "Musical",
  "Lombard Franzman": "Arlinda Gullyes",
  "Felix Tommasetti": "Marven Vila"
},
{
  "7": {
    "4": 1.9
  },
  "155": 183,
  "161": 116,
  "1984": 2007,
  "_id": {
    "$oid": "6614a863c63d9e4dceca7d5f"
  },
  "Crossing Over": "Bigger Than Life",
  "Drama": "Drama|Mystery|Thriller",
  "Lombard Franzman": "Elysha O'Henecan",
  "Felix Tommasetti": "Clementia Charity"
},
{
  "7": {
    "4": 9.6
  },
  "155": 184,
  "161": 84,
  "1984": 1999,
  "_id": {
    "$oid": "6614a863c63d9e4dceca7d60"
  },
  "Crossing Over": "By the Sea",
  "Drama": "Comedy",
  "Lombard Franzman": "Jerrilyn Starford",
  "Felix Tommasetti": "Sherlock Jon"
},
{
  "7": {
    "4": 9.9
  },
  "155": 185,
  "161": 118,
  "1984": 1993,
  "_id": {
    "$oid": "6614a863c63d9e4dceca7d61"
  },
  "Crossing Over": "Jamesy Boy",
  "Drama": "Crime|Drama",
  "Lombard Franzman": "Sonnie Stansell",
  "Felix Tommasetti": "Darcy Winstanley"
},
{
  "7": {
    "4": 1.2
  },
  "155": 186,
  "161": 125,
  "1984": 1996,
  "_id": {
    "$oid": "6614a863c63d9e4dceca7d62"
  },
  "Crossing Over": "Farmer & Chase",
  "Drama": "Comedy",
  "Lombard Franzman": "Britte Philbrick",
  "Felix Tommasetti": "Dulcie Kerr"
},
{
  "7": {
    "4": 4.6
  },
  "155": 187,
  "161": 63,
  "1984": 2006,
  "_id": {
    "$oid": "6614a863c63d9e4dceca7d63"
  },
  "Crossing Over": "La Belle Verte",
  "Drama": "Comedy",
  "Lombard Franzman": "Kyle Rowledge",
  "Felix Tommasetti": "Reinaldo Plumridge"
},
{
  "7": {
    "4": 3.8
  },
  "155": 188,
  "161": 159,
  "1984": 1985,
  "_id": {
    "$oid": "6614a863c63d9e4dceca7d64"
  },
  "Crossing Over": "Applause (Applaus)",
  "Drama": "Drama",
  "Lombard Franzman": "Heywood Koch",
  "Felix Tommasetti": "Jeramie Mennithorp"
},
{
  "7": {
    "4": 2
  },
  "155": 189,
  "161": 180,
  "1984": 2006,
  "_id": {
    "$oid": "6614a863c63d9e4dceca7d65"
  },
  "Crossing Over": "Takedown: The DNA of GSP",
  "Drama": "Documentary",
  "Lombard Franzman": "Jemie Roback",
  "Felix Tommasetti": "Paola Linger"
},
{
  "7": {
    "4": 7.8
  },
  "155": 190,
  "161": 144,
  "1984": 2010,
  "_id": {
    "$oid": "6614a863c63d9e4dceca7d66"
  },
  "Crossing Over": "Special",
  "Drama": "Drama|Fantasy",
  "Lombard Franzman": "Ranna Janney",
  "Felix Tommasetti": "Danya Schoffler"
},
{
  "7": {
    "4": 2.4
  },
  "155": 191,
  "161": 99,
  "1984": 1995,
  "_id": {
    "$oid": "6614a863c63d9e4dceca7d67"
  },
  "Crossing Over": "Osmosis Jones",
  "Drama": "Action|Animation|Comedy|Crime|Drama|Romance|Thriller",
  "Lombard Franzman": "Reggis Banisch",
  "Felix Tommasetti": "Garret Warnes"
},
{
  "7": {
    "4": 6.8
  },
  "155": 192,
  "161": 122,
  "1984": 2007,
  "_id": {
    "$oid": "6614a863c63d9e4dceca7d68"
  },
  "Crossing Over": "Errors of the Human Body ",
  "Drama": "Drama|Sci-Fi|Thriller",
  "Lombard Franzman": "Sullivan Isherwood",
  "Felix Tommasetti": "Veronika Dicte"
},
{
  "7": {
    "4": 1
  },
  "155": 193,
  "161": 104,
  "1984": 1982,
  "_id": {
    "$oid": "6614a863c63d9e4dceca7d69"
  },
  "Crossing Over": "Bikini Summer III - South Beach Heat",
  "Drama": "Comedy",
  "Lombard Franzman": "Fern Morgan",
  "Felix Tommasetti": "Blondelle Kingzet"
},
{
  "7": {
    "4": 4.5
  },
  "155": 194,
  "161": 71,
  "1984": 2011,
  "_id": {
    "$oid": "6614a863c63d9e4dceca7d6a"
  },
  "Crossing Over": "Miracle Worker, The",
  "Drama": "Drama",
  "Lombard Franzman": "Westley Cowser",
  "Felix Tommasetti": "Matilde Van Oord"
},
{
  "7": {
    "4": 8.1
  },
  "155": 195,
  "161": 139,
  "1984": 2012,
  "_id": {
    "$oid": "6614a863c63d9e4dceca7d6b"
  },
  "Crossing Over": "Nell",
  "Drama": "Drama",
  "Lombard Franzman": "Harwell Medina",
  "Felix Tommasetti": "Simonne Cobley"
},
{
  "7": {
    "4": 8
  },
  "155": 196,
  "161": 111,
  "1984": 2011,
  "_id": {
    "$oid": "6614a863c63d9e4dceca7d6c"
  },
  "Crossing Over": "North & South",
  "Drama": "Drama|Romance",
  "Lombard Franzman": "Ferris Hartright",
  "Felix Tommasetti": "Florida Bathersby"
},
{
  "7": {
    "4": 4.1
  },
  "155": 197,
  "161": 62,
  "1984": 1994,
  "_id": {
    "$oid": "6614a863c63d9e4dceca7d6d"
  },
  "Crossing Over": "Kiss Before Dying, A",
  "Drama": "Film-Noir|Mystery",
  "Lombard Franzman": "George Chern",
  "Felix Tommasetti": "Mirabelle Waddy"
},
{
  "7": {
    "4": 2.7
  },
  "155": 198,
  "161": 106,
  "1984": 1993,
  "_id": {
    "$oid": "6614a863c63d9e4dceca7d6e"
  },
  "Crossing Over": "Andrei Rublev (Andrey Rublyov)",
  "Drama": "Drama|War",
  "Lombard Franzman": "Marven Kynaston",
  "Felix Tommasetti": "Ernest Standage"
},
{
  "7": {
    "4": 7.3
  },
  "155": 199,
  "161": 123,
  "1984": 2006,
  "_id": {
    "$oid": "6614a863c63d9e4dceca7d6f"
  },
  "Crossing Over": "Vivre sa vie: Film en douze tableaux (My Life to Live)",
  "Drama": "Drama",
  "Lombard Franzman": "Nicole Bourdel",
  "Felix Tommasetti": "Magdalene Bevans"
},
{
  "7": {
    "4": 7.4
  },
  "155": 200,
  "161": 90,
  "1984": 2004,
  "_id": {
    "$oid": "6614a863c63d9e4dceca7d70"
  },
  "Crossing Over": "Strange Planet",
  "Drama": "Comedy|Romance",
  "Lombard Franzman": "Mattheus Dickon",
  "Felix Tommasetti": "Albertina Helwig"
},
{
  "7": {
    "4": 3.1
  },
  "155": 201,
  "161": 72,
  "1984": 2012,
  "_id": {
    "$oid": "6614a863c63d9e4dceca7d71"
  },
  "Crossing Over": "Buccaneer, The",
  "Drama": "Adventure|Drama|Romance|War",
  "Lombard Franzman": "Bartholomew Campkin",
  "Felix Tommasetti": "Corry Hitzschke"
},
{
  "7": {
    "4": 8
  },
  "155": 202,
  "161": 83,
  "1984": 2000,
  "_id": {
    "$oid": "6614a863c63d9e4dceca7d72"
  },
  "Crossing Over": "Wild Animals (Yasaeng dongmul bohoguyeog)",
  "Drama": "Crime|Drama",
  "Lombard Franzman": "Debbie Kirwin",
  "Felix Tommasetti": "Lucien Knevit"
},
{
  "7": {
    "4": 9.6
  },
  "155": 203,
  "161": 117,
  "1984": 2012,
  "_id": {
    "$oid": "6614a863c63d9e4dceca7d73"
  },
  "Crossing Over": "Maid in Sweden",
  "Drama": "Drama",
  "Lombard Franzman": "Melosa Pietrowski",
  "Felix Tommasetti": "Roanna Harbage"
},
{
  "7": {
    "4": 3.3
  },
  "155": 204,
  "161": 140,
  "1984": 2010,
  "_id": {
    "$oid": "6614a863c63d9e4dceca7d74"
  },
  "Crossing Over": "Yossi (Ha-Sippur Shel Yossi)",
  "Drama": "Drama|Romance",
  "Lombard Franzman": "Clarie Paynes",
  "Felix Tommasetti": "Ketty Steele"
},
{
  "7": {
    "4": 1.3
  },
  "155": 205,
  "161": 170,
  "1984": 1997,
  "_id": {
    "$oid": "6614a863c63d9e4dceca7d75"
  },
  "Crossing Over": "Alien Contamination",
  "Drama": "Action|Horror|Sci-Fi",
  "Lombard Franzman": "Maximilian Ibel",
  "Felix Tommasetti": "Ignatius Wassell"
},
{
  "7": {
    "4": 1.4
  },
  "155": 206,
  "161": 149,
  "1984": 2008,
  "_id": {
    "$oid": "6614a863c63d9e4dceca7d76"
  },
  "Crossing Over": "Singh Is Kinng",
  "Drama": "Action|Comedy|Crime|Romance",
  "Lombard Franzman": "Seka Boxen",
  "Felix Tommasetti": "Biron Boothebie"
},
{
  "7": {
    "4": 8.7
  },
  "155": 207,
  "161": 62,
  "1984": 1991,
  "_id": {
    "$oid": "6614a863c63d9e4dceca7d77"
  },
  "Crossing Over": "Children of a Lesser God",
  "Drama": "Drama",
  "Lombard Franzman": "Cyndy Braden",
  "Felix Tommasetti": "Ameline Tills"
},
{
  "7": {
    "4": 1.8
  },
  "155": 208,
  "161": 101,
  "1984": 1997,
  "_id": {
    "$oid": "6614a863c63d9e4dceca7d78"
  },
  "Crossing Over": "Naked Killer (Chik loh go yeung)",
  "Drama": "Action|Crime|Drama|Thriller",
  "Lombard Franzman": "Fabien Laird-Craig",
  "Felix Tommasetti": "Dion Watt"
},
{
  "7": {
    "4": 3
  },
  "155": 209,
  "161": 178,
  "1984": 1972,
  "_id": {
    "$oid": "6614a863c63d9e4dceca7d79"
  },
  "Crossing Over": "American Dream, An",
  "Drama": "Drama",
  "Lombard Franzman": "Bliss Emma",
  "Felix Tommasetti": "Arabela Wallsworth"
},
{
  "7": {
    "4": 6.2
  },
  "155": 210,
  "161": 108,
  "1984": 1992,
  "_id": {
    "$oid": "6614a863c63d9e4dceca7d7a"
  },
  "Crossing Over": "Prey, The (La proie)",
  "Drama": "Action|Crime|Thriller",
  "Lombard Franzman": "Garald Cafferty",
  "Felix Tommasetti": "Farlie Dunsire"
},
{
  "7": {
    "4": 8.5
  },
  "155": 211,
  "161": 170,
  "1984": 2006,
  "_id": {
    "$oid": "6614a863c63d9e4dceca7d7b"
  },
  "Crossing Over": "Mod Squad, The",
  "Drama": "Action|Crime",
  "Lombard Franzman": "Titos Chaim",
  "Felix Tommasetti": "Feodora Frenchum"
},
{
  "7": {
    "4": 7.3
  },
  "155": 212,
  "161": 75,
  "1984": 2000,
  "_id": {
    "$oid": "6614a863c63d9e4dceca7d7c"
  },
  "Crossing Over": "Holiday Wishes",
  "Drama": "Children|Comedy|Drama",
  "Lombard Franzman": "Binny Archdeckne",
  "Felix Tommasetti": "Berty Myrkus"
},
{
  "7": {
    "4": 7.5
  },
  "155": 213,
  "161": 81,
  "1984": 2000,
  "_id": {
    "$oid": "6614a863c63d9e4dceca7d7d"
  },
  "Crossing Over": "Double Harness",
  "Drama": "Comedy|Drama",
  "Lombard Franzman": "Barclay Durrell",
  "Felix Tommasetti": "Chrissy Zavittieri"
},
{
  "7": {
    "4": 5.3
  },
  "155": 214,
  "161": 74,
  "1984": 2009,
  "_id": {
    "$oid": "6614a863c63d9e4dceca7d7e"
  },
  "Crossing Over": "Hell",
  "Drama": "Horror|Sci-Fi|Thriller",
  "Lombard Franzman": "Stavro Bourtoumieux",
  "Felix Tommasetti": "Adolphe Bisatt"
},
{
  "7": {
    "4": 1
  },
  "155": 215,
  "161": 63,
  "1984": 1992,
  "_id": {
    "$oid": "6614a863c63d9e4dceca7d7f"
  },
  "Crossing Over": "Son of the White Mare",
  "Drama": "Adventure|Animation|Fantasy",
  "Lombard Franzman": "Malia Pietzke",
  "Felix Tommasetti": "Gifford Hayto"
},
{
  "7": {
    "4": 5.6
  },
  "155": 216,
  "161": 158,
  "1984": 2009,
  "_id": {
    "$oid": "6614a863c63d9e4dceca7d80"
  },
  "Crossing Over": "Kolberg",
  "Drama": "Drama|War",
  "Lombard Franzman": "Barney Dowyer",
  "Felix Tommasetti": "Josefina Hancill"
},
{
  "7": {
    "4": 7.4
  },
  "155": 217,
  "161": 154,
  "1984": 1993,
  "_id": {
    "$oid": "6614a863c63d9e4dceca7d81"
  },
  "Crossing Over": "Fear City: A Family-Style Comedy (La cité de la peur)",
  "Drama": "Comedy",
  "Lombard Franzman": "Waldo Housby",
  "Felix Tommasetti": "Melanie Erickson"
},
{
  "7": {
    "4": 6.7
  },
  "155": 218,
  "161": 120,
  "1984": 2001,
  "_id": {
    "$oid": "6614a863c63d9e4dceca7d82"
  },
  "Crossing Over": "Too Many Girls",
  "Drama": "Comedy|Musical",
  "Lombard Franzman": "Rene Amdohr",
  "Felix Tommasetti": "Rourke Domanski"
},
{
  "7": {
    "4": 9.9
  },
  "155": 219,
  "161": 107,
  "1984": 1994,
  "_id": {
    "$oid": "6614a863c63d9e4dceca7d83"
  },
  "Crossing Over": "Fantastic Fear of Everything, A",
  "Drama": "Comedy",
  "Lombard Franzman": "Lutero Ewings",
  "Felix Tommasetti": "Tate Shambrooke"
},
{
  "7": {
    "4": 9.6
  },
  "155": 220,
  "161": 109,
  "1984": 1994,
  "_id": {
    "$oid": "6614a863c63d9e4dceca7d84"
  },
  "Crossing Over": "Four, The (Si da ming bu)",
  "Drama": "Action|Crime|Fantasy",
  "Lombard Franzman": "Goldia Stronghill",
  "Felix Tommasetti": "Wesley Nye"
},
{
  "7": {
    "4": 6.2
  },
  "155": 221,
  "161": 143,
  "1984": 2005,
  "_id": {
    "$oid": "6614a863c63d9e4dceca7d85"
  },
  "Crossing Over": "Frozen Fever",
  "Drama": "Adventure|Animation",
  "Lombard Franzman": "Gray Pride",
  "Felix Tommasetti": "Tiffany Merkle"
},
{
  "7": {
    "4": 4
  },
  "155": 222,
  "161": 87,
  "1984": 1993,
  "_id": {
    "$oid": "6614a863c63d9e4dceca7d86"
  },
  "Crossing Over": "She Wore a Yellow Ribbon",
  "Drama": "Western",
  "Lombard Franzman": "Giselbert Ambrosetti",
  "Felix Tommasetti": "Jasmin Lingwood"
},
{
  "7": {
    "4": 7.4
  },
  "155": 223,
  "161": 103,
  "1984": 2010,
  "_id": {
    "$oid": "6614a863c63d9e4dceca7d87"
  },
  "Crossing Over": "Crew, The",
  "Drama": "Action|Crime|Drama|Thriller",
  "Lombard Franzman": "Delphine Flintoft",
  "Felix Tommasetti": "Floris Flagg"
},
{
  "7": {
    "4": 8.3
  },
  "155": 224,
  "161": 129,
  "1984": 2008,
  "_id": {
    "$oid": "6614a863c63d9e4dceca7d88"
  },
  "Crossing Over": "Harvest",
  "Drama": "Drama",
  "Lombard Franzman": "Denis Elkins",
  "Felix Tommasetti": "Perl Toleman"
},
{
  "7": {
    "4": 5.2
  },
  "155": 225,
  "161": 118,
  "1984": 2005,
  "_id": {
    "$oid": "6614a863c63d9e4dceca7d89"
  },
  "Crossing Over": "Killing Lincoln",
  "Drama": "Drama|War",
  "Lombard Franzman": "Chancey Goddard",
  "Felix Tommasetti": "Laughton Izkoveski"
},
{
  "7": {
    "4": 8.4
  },
  "155": 226,
  "161": 119,
  "1984": 2011,
  "_id": {
    "$oid": "6614a863c63d9e4dceca7d8a"
  },
  "Crossing Over": "Faithful",
  "Drama": "Comedy",
  "Lombard Franzman": "Garrot Vasichev",
  "Felix Tommasetti": "Ashli Morfield"
},
{
  "7": {
    "4": 8.8
  },
  "155": 227,
  "161": 94,
  "1984": 1997,
  "_id": {
    "$oid": "6614a863c63d9e4dceca7d8b"
  },
  "Crossing Over": "Asthenic Syndrome, The (Astenicheskiy sindrom)",
  "Drama": "Drama",
  "Lombard Franzman": "Tedra Cornbell",
  "Felix Tommasetti": "Lucho Hughes"
},
{
  "7": {
    "4": 8.1
  },
  "155": 228,
  "161": 85,
  "1984": 2006,
  "_id": {
    "$oid": "6614a863c63d9e4dceca7d8c"
  },
  "Crossing Over": "Aristocrats, The",
  "Drama": "Comedy|Documentary",
  "Lombard Franzman": "Priscella Jent",
  "Felix Tommasetti": "Katharine Borgne"
},
{
  "7": {
    "4": 2.1
  },
  "155": 229,
  "161": 153,
  "1984": 2004,
  "_id": {
    "$oid": "6614a863c63d9e4dceca7d8d"
  },
  "Crossing Over": "Violet & Daisy",
  "Drama": "Action|Drama",
  "Lombard Franzman": "Lin Matevushev",
  "Felix Tommasetti": "Laurella Christall"
},
{
  "7": {
    "4": 9.9
  },
  "155": 230,
  "161": 78,
  "1984": 2005,
  "_id": {
    "$oid": "6614a863c63d9e4dceca7d8e"
  },
  "Crossing Over": "Slaves to the Underground",
  "Drama": "Comedy|Drama",
  "Lombard Franzman": "Jimmie Caddock",
  "Felix Tommasetti": "Cathi Shiel"
},
{
  "7": {
    "4": 2.9
  },
  "155": 231,
  "161": 166,
  "1984": 2002,
  "_id": {
    "$oid": "6614a863c63d9e4dceca7d8f"
  },
  "Crossing Over": "11-11-11 (11-11-11: The Prophecy)",
  "Drama": "Horror|Thriller",
  "Lombard Franzman": "Darci Antoniewicz",
  "Felix Tommasetti": "Ailee Francescuzzi"
},
{
  "7": {
    "4": 2.3
  },
  "155": 233,
  "161": 108,
  "1984": 2002,
  "_id": {
    "$oid": "6614a863c63d9e4dceca7d90"
  },
  "Crossing Over": "Restless (Levottomat)",
  "Drama": "Drama|Romance",
  "Lombard Franzman": "Katalin Ilyinski",
  "Felix Tommasetti": "Dawn Metrick"
},
{
  "7": {
    "4": 10
  },
  "155": 234,
  "161": 132,
  "1984": 2007,
  "_id": {
    "$oid": "6614a863c63d9e4dceca7d91"
  },
  "Crossing Over": "BASEketball",
  "Drama": "Comedy",
  "Lombard Franzman": "Corny Pacht",
  "Felix Tommasetti": "Michelina Stollenbecker"
},
{
  "7": {
    "4": 9.2
  },
  "155": 235,
  "161": 97,
  "1984": 1984,
  "_id": {
    "$oid": "6614a863c63d9e4dceca7d92"
  },
  "Crossing Over": "5 Broken Cameras",
  "Drama": "Documentary",
  "Lombard Franzman": "Lawry Chellam",
  "Felix Tommasetti": "Raymond Burtonwood"
},
{
  "7": {
    "4": 3.2
  },
  "155": 236,
  "161": 127,
  "1984": 2009,
  "_id": {
    "$oid": "6614a863c63d9e4dceca7d93"
  },
  "Crossing Over": "Little Caesar",
  "Drama": "Crime|Drama",
  "Lombard Franzman": "Cynthy Rozier",
  "Felix Tommasetti": "Della Allett"
},
{
  "7": {
    "4": 2
  },
  "155": 237,
  "161": 109,
  "1984": 1967,
  "_id": {
    "$oid": "6614a863c63d9e4dceca7d94"
  },
  "Crossing Over": "22 Jump Street",
  "Drama": "Action|Comedy|Crime",
  "Lombard Franzman": "Bernadina Radcliffe",
  "Felix Tommasetti": "Leann Lipsett"
},
{
  "7": {
    "4": 6.3
  },
  "155": 238,
  "161": 94,
  "1984": 2010,
  "_id": {
    "$oid": "6614a863c63d9e4dceca7d95"
  },
  "Crossing Over": "Valhalla Rising",
  "Drama": "Action|Drama|War",
  "Lombard Franzman": "Dulcia Franceschino",
  "Felix Tommasetti": "Josefina Cullip"
},
{
  "7": {
    "4": 6.3
  },
  "155": 239,
  "161": 156,
  "1984": 2007,
  "_id": {
    "$oid": "6614a863c63d9e4dceca7d96"
  },
  "Crossing Over": "Love Field",
  "Drama": "Drama",
  "Lombard Franzman": "Marie-jeanne Beresfore",
  "Felix Tommasetti": "Irving Waplinton"
},
{
  "7": {
    "4": 3.2
  },
  "155": 240,
  "161": 98,
  "1984": 2010,
  "_id": {
    "$oid": "6614a863c63d9e4dceca7d97"
  },
  "Crossing Over": "O'Horten",
  "Drama": "Comedy|Drama",
  "Lombard Franzman": "Colleen Stocky",
  "Felix Tommasetti": "Neille Worts"
},
{
  "7": {
    "4": 5.8
  },
  "155": 241,
  "161": 145,
  "1984": 2009,
  "_id": {
    "$oid": "6614a863c63d9e4dceca7d98"
  },
  "Crossing Over": "Night of the Following Day, The",
  "Drama": "Crime|Drama",
  "Lombard Franzman": "Bradly Rodda",
  "Felix Tommasetti": "Maurine Coopey"
},
{
  "7": {
    "4": 3
  },
  "155": 242,
  "161": 74,
  "1984": 1990,
  "_id": {
    "$oid": "6614a863c63d9e4dceca7d99"
  },
  "Crossing Over": "Frankie Starlight",
  "Drama": "Drama|Romance",
  "Lombard Franzman": "Marius Landman",
  "Felix Tommasetti": "Mil Macenzy"
},
{
  "7": {
    "4": 9.4
  },
  "155": 243,
  "161": 117,
  "1984": 1984,
  "_id": {
    "$oid": "6614a863c63d9e4dceca7d9a"
  },
  "Crossing Over": "White Man's Burden",
  "Drama": "Drama",
  "Lombard Franzman": "Karleen McCleary",
  "Felix Tommasetti": "Cathlene Lilburne"
},
{
  "7": {
    "4": 7.8
  },
  "155": 244,
  "161": 160,
  "1984": 2010,
  "_id": {
    "$oid": "6614a863c63d9e4dceca7d9b"
  },
  "Crossing Over": "Winter Passing",
  "Drama": "Drama",
  "Lombard Franzman": "Davey Blease",
  "Felix Tommasetti": "Riordan Pohling"
},
{
  "7": {
    "4": 2.5
  },
  "155": 245,
  "161": 140,
  "1984": 2006,
  "_id": {
    "$oid": "6614a863c63d9e4dceca7d9c"
  },
  "Crossing Over": "Highway Racer",
  "Drama": "(no genres listed)",
  "Lombard Franzman": "Redford Chilles",
  "Felix Tommasetti": "Mason Jouhandeau"
},
{
  "7": {
    "4": 4.3
  },
  "155": 246,
  "161": 136,
  "1984": 1996,
  "_id": {
    "$oid": "6614a863c63d9e4dceca7d9d"
  },
  "Crossing Over": "Bakeneko: A Vengeful Spirit (Kaibyô nori no numa) (Ghost-Cat Cursed Pond, The)",
  "Drama": "Horror",
  "Lombard Franzman": "Konstanze Edds",
  "Felix Tommasetti": "Cathyleen Lennard"
},
{
  "7": {
    "4": 4.1
  },
  "155": 247,
  "161": 67,
  "1984": 2002,
  "_id": {
    "$oid": "6614a863c63d9e4dceca7d9e"
  },
  "Crossing Over": "Sun Valley Serenade",
  "Drama": "Comedy|Musical|Romance",
  "Lombard Franzman": "Clywd Lodford",
  "Felix Tommasetti": "Gale Kenyam"
},
{
  "7": {
    "4": 2.6
  },
  "155": 248,
  "161": 78,
  "1984": 2006,
  "_id": {
    "$oid": "6614a863c63d9e4dceca7d9f"
  },
  "Crossing Over": "Michael Jordan to the Max",
  "Drama": "Documentary|IMAX",
  "Lombard Franzman": "Germaine Tatford",
  "Felix Tommasetti": "Theodosia Martinets"
},
{
  "7": {
    "4": 5.5
  },
  "155": 249,
  "161": 171,
  "1984": 2008,
  "_id": {
    "$oid": "6614a863c63d9e4dceca7da0"
  },
  "Crossing Over": "Drogówka",
  "Drama": "Comedy|Crime|Drama",
  "Lombard Franzman": "Graig Golagley",
  "Felix Tommasetti": "Robbin Shipman"
},
{
  "7": {
    "4": 9.7
  },
  "155": 250,
  "161": 81,
  "1984": 2005,
  "_id": {
    "$oid": "6614a863c63d9e4dceca7da1"
  },
  "Crossing Over": "On Deadly Ground",
  "Drama": "Action|Adventure|Thriller",
  "Lombard Franzman": "Kally Harris",
  "Felix Tommasetti": "Ky Dog"
}]